figure,path,exists,bytes,sha256
3,ASCE_submission/Revision01/Figures/Pareto Frontier.png,True,47490,e3d70950dd868b6f75ed47871a589694bb253203f34783125dc52117b44ee704
4,ASCE_submission/Revision01/Figures/Gatt Chart.png,True,59859,6632f8065c3cbe108d9dc60d2327140e5a8c2698dbd66a47aac77a42a6020900
5,ASCE_submission/Revision01/Figures/Trajectory.png,True,43429,ad44941d36e72833d2386d33c07148d2c53b1bbc8f7d4dd6f14d59bf040b0a3c
6,ASCE_submission/Revision01/Figures/Service Time Variation.png,True,121852,7f28dd425b11c6d80d23b657be1be24a2a4c4eb1dfc19c42e453aa5e9f974d1b
7,ASCE_submission/Revision01/Figures/Service Time Variations (Team).png,True,99031,949a98d7739e2a3f537c2df871c2eb607b134cceeb9ed54ef5b02f5d34fbc320
8,ASCE_submission/Revision01/Figures/Time Window Reduction.png,True,148540,7cfd97f120814651ca99349573d1eac850c0b50236a1d1140e7f180a417af62f
9,ASCE_submission/Revision01/Figures/Gantt Chart when Time Window Reduced .png,True,62501,54f8d9a1cf6b19a7ec650147c7cb41d1d4e400e85ccd0b0b169b7bd77b8208c9
10,ASCE_submission/Revision01/Figures/Initial BFI Increased.png,True,148074,c53adc2d0cc8389917802b9f0a3eaad30f66849d16c69c68b3d012e20c0a7ed2
11,ASCE_submission/Revision01/Figures/Gantt Chart when BFI Increased.png,True,63203,c986708688502d70f9fb2d7c651e3da02d88045df5d943fa2fb201677454f295
